ip,hostnames,os,os_accuracy,open_ports,services,related_domains
160.153.248.110,110.248.153.160.host.secureserver.net,Oracle Virtualbox Slirp NAT bridge,98,21;80;443,"21/tcp ftp Microsoft ftpd cpe=cpe:/a:microsoft:ftp_service|cpe:/o:microsoft:windows scripts=ssl-cert=Subject: commonName=WMSvc-SHA2-S160-153-248-11
Not valid before: 2021-01-04T13:14:05
Not valid after:  2031-01-02T13:14:05|ftp-syst=SYST: Windows_NT|ssl-date=2025-11-01T16:48:38+00:00; 0s from scanner time.;80/tcp http Microsoft HTTPAPI httpd 2.0 SSDP/UPnP cpe=cpe:/o:microsoft:windows scripts=http-server-header=Microsoft-HTTPAPI/2.0|http-title=Not Found;443/tcp http Microsoft HTTPAPI httpd 2.0 SSDP/UPnP tunnel=ssl cpe=cpe:/o:microsoft:windows scripts=http-server-header=Microsoft-HTTPAPI/2.0|tls-alpn=h2
  http/1.1|ssl-date=2025-11-01T16:48:38+00:00; 0s from scanner time.|http-title=Not Found|ssl-cert=Subject: commonName=localhost
Subject Alternative Name: DNS:localhost
Not valid before: 2021-01-05T10:55:57
Not valid after:  2026-01-05T00:00:00",
192.124.249.38,cloudproxy10038.sucuri.net,Nokia 3600i mobile phone,90,80;443,"80/tcp http nginx reverse proxy cpe=cpe:/a:igor_sysoev:nginx;443/tcp https Sucuri/Cloudproxy tunnel=ssl banner=SF-Port443-TCP:V=7.95%T=SSL%I=7%D=11/1%Time=690639FE%P=x86_64-pc-linux-gnu%r(GetRequest,8E1,""HTTP/1\.1\x20404\x20Not\x20Found\r\nDate:\x20Sat,\x2001\x20Nov\x202025\x2016:49:58\x20GMT\r\nContent-Type:\x20text/html\r\nContent-Length:\x202097\r\nConnection:\x20close\r\nX-Sucuri-ID:\x2013038\r\nServer:\x20Sucuri/Cloudproxy\r\n\r\n<!DOCTYPE\x20html>\n<html\x20lang=\""en\""\x20xmlns=\""http://www\.w3\.org/1999/xhtml\"">\n<head>\n<link\x20rel=\""stylesheet\""\x20href=\""https://cdn\.sucuri\.net/sucuri-firewall-block\.css\""\x20/>\n<section\x20class=\""center\x20clearfix\"">\n<meta\x20name=\""viewport\""\x20content=\""width=device-width,\x20initial-scale=1\.0\""\x20/>\n<title>Sucuri\x20WebSite\x20Firewall\x20-\x20Not\x20Configured</title>\n<link\x20href=\""https://fonts\.googleapis\.com/css\?family=Open\+Sans:400,300,600,700\""\x20rel=\""stylesheet\""\x20type=\""text/css\"">\n</head>\n<body>\n<div\x20id=\""main-container\"">\n<header\x20class=\""app-header\x20clearfix\"">\n<div\x20class=\""wrap\"">\n<a\x20href=\""https://www\.sucuri\.net/\?utm_source=firewall_block\""\x20class=\""logo\""></a>\n<span\x20class=\""logo-neartext\"">Website\x20Firewall</span>\n<a\x20href=\""https://sucuri\.net/\?utm_source=firewall_block\""\x20class="")%r(HTTPOptions,8E1,""HTTP/1\.1\x20404\x20Not\x20Found\r\nDate:\x20Sat,\x2001\x20Nov\x202025\x2016:49:58\x20GMT\r\nContent-Type:\x20text/html\r\nContent-Length:\x202097\r\nConnection:\x20close\r\nX-Sucuri-ID:\x2013038\r\nServer:\x20Sucuri/Cloudproxy\r\n\r\n<!DOCTYPE\x20html>\n<html\x20lang=\""en\""\x20xmlns=\""http://www\.w3\.org/1999/xhtml\"">\n<head>\n<link\x20rel=\""stylesheet\""\x20href=\""https://cdn\.sucuri\.net/sucuri-firewall-block\.css\""\x20/>\n<section\x20class=\""center\x20clearfix\"">\n<meta\x20name=\""viewport\""\x20content=\""width=device-width,\x20initial-scale=1\.0\""\x20/>\n<title>Sucuri\x20WebSite\x20Firewall\x20-\x20Not\x20Configured</title>\n<link\x20href=\""https://fonts\.googleapis\.com/css\?family=Open\+Sans:400,300,600,700\""\x20rel=\""stylesheet\""\x20type=\""text/css\"">\n</head>\n<body>\n<div\x20id=\""main-container\"">\n<header\x20class=\""app-header\x20clearfix\"">\n<div\x20class=\""wrap\"">\n<a\x20href=\""https://www\.sucuri\.net/\?utm_source=firewall_block\""\x20class=\""logo\""></a>\n<span\x20class=\""logo-neartext\"">Website\x20Firewall</span>\n<a\x20href=\""https://sucuri\.net/\?utm_source=firewall_block\""\x20class=""); scripts=http-server-header=Sucuri/Cloudproxy|fingerprint-strings=GetRequest, HTTPOptions: 
    HTTP/1.1 404 Not Found
    Date: Sat, 01 Nov 2025 16:49:58 GMT
    Content-Type: text/html
    Content-Length: 2097
    Connection: close
    X-Sucuri-ID: 13038
    Server: Sucuri/Cloudproxy
    <!DOCTYPE html>
    <html lang=""en"" xmlns=""http://www.w3.org/1999/xhtml"">
    <head>
    <link rel=""stylesheet"" href=""https://cdn.sucuri.net/sucuri-firewall-block.css"" />
    <section class=""center clearfix"">
    <meta name=""viewport"" content=""width=device-width, initial-scale=1.0"" />
    <title>Sucuri WebSite Firewall - Not Configured</title>
    <link href=""https://fonts.googleapis.com/css?family=Open+Sans:400,300,600,700"" rel=""stylesheet"" type=""text/css"">
    </head>
    <body>
    <div id=""main-container"">
    <header class=""app-header clearfix"">
    <div class=""wrap"">
    href=""https://www.sucuri.net/?utm_source=firewall_block"" class=""logo""></a>
    <span class=""logo-neartext"">Website Firewall</span>
    href=""https://sucuri.net/?utm_source=firewall_block"" class=",
